Christian Nielsen 25 male 605-987-290 Alaska christian.nielsen@example.com happygoose116 https://randomuser.me/api/portraits/men/46.jpg DK
Eryk Landa 46 male 883-562-140 Newfoundland eryk.landa@example.com sadfish447 https://randomuser.me/api/portraits/men/82.jpg NO
Vladimir Ivkov 26 male 011-987-181 Adelaide, Darwin vladimir.ivkov@example.com blackdog368 https://randomuser.me/api/portraits/men/68.jpg RS
Korinna Thoms 42 female 058-744-761 Kathmandu korinna.thoms@example.com yellowsnake212 https://randomuser.me/api/portraits/women/25.jpg DE
Marilou Roy 30 female 142-182-422 Eastern Australia, Guam, Vladivostok marilou.roy@example.com biglion184 https://randomuser.me/api/portraits/women/27.jpg CA
Karan Dhamdhame 38 male 821-913-921 Kathmandu karan.dhamdhame@example.com whitezebra913 https://randomuser.me/api/portraits/men/86.jpg IN
Irma Páez 41 female 694-494-968 Abu Dhabi, Muscat, Baku, Tbilisi irma.paez@example.com silverpeacock660 https://randomuser.me/api/portraits/women/14.jpg MX
Stanko Grujić 51 male 026-416-280 Pacific Time (US & Canada) stanko.grujic@example.com greenelephant350 https://randomuser.me/api/portraits/men/38.jpg RS
Rusudan Savula 60 male 097-167-691 Atlantic Time (Canada), Caracas, La Paz rusudan.savula@example.com purplemeercat990 https://randomuser.me/api/portraits/men/62.jpg UA
Sean Mason 60 male 017-684-836 Kaliningrad, South Africa sean.mason@example.com angryfish134 https://randomuser.me/api/portraits/men/73.jpg GB
Andrea Neal 55 female 976-596-754 Bombay, Calcutta, Madras, New Delhi andrea.neal@example.com yellowpeacock747 https://randomuser.me/api/portraits/women/42.jpg US
Michelle Lucas 62 female 700-712-516 Kathmandu michelle.lucas@example.com bluewolf362 https://randomuser.me/api/portraits/women/78.jpg US
Hermine Marchand 23 female 075-934-741 Azores, Cape Verde Islands hermine.marchand@example.com sadpeacock200 https://randomuser.me/api/portraits/women/76.jpg CH
Howard Adams 25 male 036-380-804 Atlantic Time (Canada), Caracas, La Paz howard.adams@example.com yellowfish632 https://randomuser.me/api/portraits/men/90.jpg AU
Maria Jensen 78 female 543-710-555 Kabul maria.jensen@example.com silverswan414 https://randomuser.me/api/portraits/women/78.jpg DK
Joanne Chapman 67 female 704-794-575 Beijing, Perth, Singapore, Hong Kong joanne.chapman@example.com crazyostrich918 https://randomuser.me/api/portraits/women/2.jpg AU
Yann Van Yperen 55 male 589-443-157 Pacific Time (US & Canada) yann.vanyperen@example.com yellowbear903 https://randomuser.me/api/portraits/men/64.jpg NL
Izzie Brewer 33 female 973-357-103 Mountain Time (US & Canada) izzie.brewer@example.com organicrabbit188 https://randomuser.me/api/portraits/women/77.jpg GB
Romina Boyer 70 female 678-423-623 Central Time (US & Canada), Mexico City romina.boyer@example.com angrygorilla564 https://randomuser.me/api/portraits/women/46.jpg CH
Julie Andersen 25 female 846-186-193 Pacific Time (US & Canada) julie.andersen@example.com whitefish488 https://randomuser.me/api/portraits/women/91.jpg DK
Brett Parker 50 male 809-640-363 Abu Dhabi, Muscat, Baku, Tbilisi brett.parker@example.com orangekoala941 https://randomuser.me/api/portraits/men/15.jpg AU
Olivia Taylor 56 female 592-132-957 Mountain Time (US & Canada) olivia.taylor@example.com bigsnake674 https://randomuser.me/api/portraits/women/40.jpg CA
Bozhan Rudchenko 34 male 737-185-562 Mountain Time (US & Canada) bozhan.rudchenko@example.com orangeladybug206 https://randomuser.me/api/portraits/men/40.jpg UA
Kayla Scott 33 female 152-428-636 Almaty, Dhaka, Colombo kayla.scott@example.com beautifulpanda483 https://randomuser.me/api/portraits/women/56.jpg GB
Julián Vicente 50 male 904-306-141 Magadan, Solomon Islands, New Caledonia julian.vicente@example.com brownrabbit669 https://randomuser.me/api/portraits/men/99.jpg ES
Luc Bernard 59 male 675-259-092 Newfoundland luc.bernard@example.com beautifulkoala691 https://randomuser.me/api/portraits/men/61.jpg CH
Ninel Korovchenko 52 female 768-596-403 Magadan, Solomon Islands, New Caledonia ninel.korovchenko@example.com goldenbear483 https://randomuser.me/api/portraits/women/57.jpg UA
Meires Monteiro 67 female 291-510-074 Brussels, Copenhagen, Madrid, Paris meires.monteiro@example.com silvermouse768 https://randomuser.me/api/portraits/women/54.jpg BR
Alberto Alonso 60 male 967-741-509 Kaliningrad, South Africa alberto.alonso@example.com angryladybug437 https://randomuser.me/api/portraits/men/91.jpg ES
Duane Sanders 23 male 602-847-780 Mountain Time (US & Canada) duane.sanders@example.com happyelephant980 https://randomuser.me/api/portraits/men/0.jpg AU
Dylan Gaillard 77 male 853-717-863 Hawaii dylan.gaillard@example.com ticklishbear779 https://randomuser.me/api/portraits/men/13.jpg FR
Joanikije Kuzmanović 56 male 919-919-103 Pacific Time (US & Canada) joanikije.kuzmanovic@example.com browncat617 https://randomuser.me/api/portraits/men/0.jpg RS
Susanne Bergemann 63 female 334-816-697 Kabul susanne.bergemann@example.com tinydog312 https://randomuser.me/api/portraits/women/58.jpg DE
Angélica Delgado 72 female 623-493-924 Baghdad, Riyadh, Moscow, St. Petersburg angelica.delgado@example.com yellowdog660 https://randomuser.me/api/portraits/women/89.jpg MX
Max Porto 72 male 511-601-515 Ekaterinburg, Islamabad, Karachi, Tashkent max.porto@example.com yellowpeacock406 https://randomuser.me/api/portraits/men/72.jpg BR
Kayla Green 33 female 865-790-048 Pacific Time (US & Canada) kayla.green@example.com heavydog843 https://randomuser.me/api/portraits/women/85.jpg NZ
William Jensen 73 male 602-715-631 Magadan, Solomon Islands, New Caledonia william.jensen@example.com crazydog636 https://randomuser.me/api/portraits/men/48.jpg DK
Xavier Fortin 27 male 777-153-908 Hawaii xavier.fortin@example.com lazybutterfly447 https://randomuser.me/api/portraits/men/93.jpg CA
Alexander Johansen 77 male 475-275-505 Abu Dhabi, Muscat, Baku, Tbilisi alexander.johansen@example.com organicsnake737 https://randomuser.me/api/portraits/men/17.jpg DK
Hellmut Bangert 74 male 567-634-915 Brussels, Copenhagen, Madrid, Paris hellmut.bangert@example.com tinyostrich443 https://randomuser.me/api/portraits/men/25.jpg DE
Serafín Valverde 28 male 640-150-106 Baghdad, Riyadh, Moscow, St. Petersburg serafin.valverde@example.com bigfrog344 https://randomuser.me/api/portraits/men/30.jpg MX
Brett Soto 71 male 205-291-015 Kathmandu brett.soto@example.com tinyelephant680 https://randomuser.me/api/portraits/men/60.jpg AU
Emilie Hansen 38 female 800-245-210 Kabul emilie.hansen@example.com bluetiger298 https://randomuser.me/api/portraits/women/61.jpg DK
Shabana Versteijnen 45 female 838-677-499 Alaska shabana.versteijnen@example.com ticklishbird259 https://randomuser.me/api/portraits/women/26.jpg NL
Liam King 25 male 250-975-3413 Magadan, Solomon Islands, New Caledonia liam.king@example.com purpleelephant270 https://randomuser.me/api/portraits/men/0.jpg NZ
Jimmie Nelson 46 male 601-194-945 Azores, Cape Verde Islands jimmie.nelson@example.com goldendog587 https://randomuser.me/api/portraits/men/69.jpg GB
Justin Singh 30 male 820-196-635 Almaty, Dhaka, Colombo justin.singh@example.com sadbear950 https://randomuser.me/api/portraits/men/7.jpg CA
Armando Renard 26 male 679-273-969 Baghdad, Riyadh, Moscow, St. Petersburg armando.renard@example.com bigpeacock678 https://randomuser.me/api/portraits/men/30.jpg CH
Kaylee Adams 40 female 609-740-345 Eastern Time (US & Canada), Bogota, Lima kaylee.adams@example.com brownfrog608 https://randomuser.me/api/portraits/women/49.jpg AU
Charlotte Hughes 33 female 369-603-565 Tehran charlotte.hughes@example.com bluebutterfly306 https://randomuser.me/api/portraits/women/69.jpg NZ
Nihad Van Etten 57 female 818-666-083 Abu Dhabi, Muscat, Baku, Tbilisi nihad.vanetten@example.com bigduck775 https://randomuser.me/api/portraits/women/46.jpg NL
Nastasiya Shcherbachenko 61 female 068-120-298 Almaty, Dhaka, Colombo nastasiya.shcherbachenko@example.com sadwolf806 https://randomuser.me/api/portraits/women/72.jpg UA
Jiri Wehrle 39 male 157-199-112 Tehran jiri.wehrle@example.com redwolf497 https://randomuser.me/api/portraits/men/48.jpg DE
Zachary Singh 44 male 779-962-698 Bangkok, Hanoi, Jakarta zachary.singh@example.com tinymouse848 https://randomuser.me/api/portraits/men/59.jpg CA
Eliza Alexander 55 female 315-395-934 Tehran eliza.alexander@example.com tinyfish630 https://randomuser.me/api/portraits/women/49.jpg GB
Fevrosiya Kompaniiec 42 female 497-290-424 Midway Island, Samoa fevrosiya.kompaniiec@example.com organicostrich510 https://randomuser.me/api/portraits/women/84.jpg UA
Louanne Boyer 67 female 202-521-046 Tehran louanne.boyer@example.com ticklishzebra103 https://randomuser.me/api/portraits/women/43.jpg FR
Minea Koskela 48 female 407-398-001 Tehran minea.koskela@example.com redduck932 https://randomuser.me/api/portraits/women/39.jpg FI
Zlatodan Gutirya 58 male 499-138-783 Midway Island, Samoa zlatodan.gutirya@example.com sadbear666 https://randomuser.me/api/portraits/men/53.jpg UA
Anastasija Lapčević 26 female 634-179-022 Azores, Cape Verde Islands anastasija.lapcevic@example.com greenleopard162 https://randomuser.me/api/portraits/women/61.jpg RS
Rosemarie Rosenkranz 63 female 464-941-611 Tehran rosemarie.rosenkranz@example.com bluemouse631 https://randomuser.me/api/portraits/women/82.jpg DE
Gioia Michel 67 female 879-461-768 Newfoundland gioia.michel@example.com sadcat379 https://randomuser.me/api/portraits/women/69.jpg CH
Terry Gardner 36 female 415-368-917 Mountain Time (US & Canada) terry.gardner@example.com happyfish159 https://randomuser.me/api/portraits/women/29.jpg US
Ava Abraham 72 female 892-343-238 Central Time (US & Canada), Mexico City ava.abraham@example.com goldensnake465 https://randomuser.me/api/portraits/women/60.jpg CA
Carla Sommerstad 52 female 337-719-707 Abu Dhabi, Muscat, Baku, Tbilisi carla.sommerstad@example.com beautifulleopard561 https://randomuser.me/api/portraits/women/48.jpg NO
Jor Makkinje 43 male 777-701-046 Ekaterinburg, Islamabad, Karachi, Tashkent jor.makkinje@example.com beautifulpanda817 https://randomuser.me/api/portraits/men/64.jpg NL
Octavio Zarate 67 male 616-806-516 Baghdad, Riyadh, Moscow, St. Petersburg octavio.zarate@example.com smallmouse751 https://randomuser.me/api/portraits/men/1.jpg MX
Marisela Paredes 43 female 690-961-743 Kabul marisela.paredes@example.com bigfrog408 https://randomuser.me/api/portraits/women/92.jpg MX
Anisa Nyland 51 female 855-299-659 Bombay, Calcutta, Madras, New Delhi anisa.nyland@example.com smallfish290 https://randomuser.me/api/portraits/women/33.jpg NO
Timmothy Caldwell 37 male 453-716-852 Kathmandu timmothy.caldwell@example.com lazybird624 https://randomuser.me/api/portraits/men/76.jpg US
Ezra Wilson 60 male 636-275-448 Western Europe Time, London, Lisbon, Casablanca ezra.wilson@example.com lazyzebra182 https://randomuser.me/api/portraits/men/74.jpg NZ
Adrize Sales 52 female 280-210-571 Brussels, Copenhagen, Madrid, Paris adrize.sales@example.com crazyelephant220 https://randomuser.me/api/portraits/women/24.jpg BR
Luca Tufteland 24 female 610-522-404 Magadan, Solomon Islands, New Caledonia luca.tufteland@example.com beautifulgorilla435 https://randomuser.me/api/portraits/women/5.jpg NO
Lilly Grande 50 female 738-217-439 Bombay, Calcutta, Madras, New Delhi lilly.grande@example.com angryfish854 https://randomuser.me/api/portraits/women/94.jpg NO
Julie Morrison 30 female 705-651-119 Kabul julie.morrison@example.com happymeercat727 https://randomuser.me/api/portraits/women/77.jpg AU
Grishma Mugeraya 58 female 877-232-461 Tokyo, Seoul, Osaka, Sapporo, Yakutsk grishma.mugeraya@example.com yellowzebra456 https://randomuser.me/api/portraits/women/62.jpg IN
Vera Spasić 30 female 615-310-082 Baghdad, Riyadh, Moscow, St. Petersburg vera.spasic@example.com lazymouse684 https://randomuser.me/api/portraits/women/18.jpg RS
Zlatousta Tatarnyuk 62 female 697-477-950 Mid-Atlantic zlatousta.tatarnyuk@example.com ticklishduck667 https://randomuser.me/api/portraits/women/59.jpg UA
Laurie Chow 23 female 737-911-521 Kathmandu laurie.chow@example.com beautifulwolf731 https://randomuser.me/api/portraits/women/69.jpg CA
Nathan Williams 46 male 626-811-562 Eastern Australia, Guam, Vladivostok nathan.williams@example.com goldentiger238 https://randomuser.me/api/portraits/men/16.jpg CA
Clemens Sigl 60 male 538-711-286 Alaska clemens.sigl@example.com ticklishelephant109 https://randomuser.me/api/portraits/men/55.jpg DE
Byron Graham 30 male 808-745-889 Azores, Cape Verde Islands byron.graham@example.com greenbear206 https://randomuser.me/api/portraits/men/8.jpg AU
Amanda Green 32 female 751-915-441 Central Time (US & Canada), Mexico City amanda.green@example.com purplepeacock445 https://randomuser.me/api/portraits/women/25.jpg IE
Xiomara Landkroon 56 female 986-921-314 Abu Dhabi, Muscat, Baku, Tbilisi xiomara.landkroon@example.com smallzebra890 https://randomuser.me/api/portraits/women/69.jpg NL
Rostislav Bondarenko 58 male 997-122-722 Hawaii rostislav.bondarenko@example.com happymouse862 https://randomuser.me/api/portraits/men/92.jpg UA
Ranveer Tipparti 35 male 960-202-645 Azores, Cape Verde Islands ranveer.tipparti@example.com purplepanda991 https://randomuser.me/api/portraits/men/76.jpg IN
Irma Burlyuk 44 female 731-167-374 Western Europe Time, London, Lisbon, Casablanca irma.burlyuk@example.com goldenmeercat517 https://randomuser.me/api/portraits/women/32.jpg UA
Amy Silva 79 female 161-151-258 Bangkok, Hanoi, Jakarta amy.silva@example.com brownelephant220 https://randomuser.me/api/portraits/women/67.jpg GB
Oscar Fagerbakke 43 male 799-545-187 Azores, Cape Verde Islands oscar.fagerbakke@example.com organicostrich217 https://randomuser.me/api/portraits/men/51.jpg NO
Christian Alfheim 56 male 812-075-859 Central Time (US & Canada), Mexico City christian.alfheim@example.com brownkoala506 https://randomuser.me/api/portraits/men/74.jpg NO
Dylan Gagnon 61 male 542-282-487 Central Time (US & Canada), Mexico City dylan.gagnon@example.com whitegorilla433 https://randomuser.me/api/portraits/men/29.jpg CA
Rosimere Gonçalves 37 female 952-219-702 Ekaterinburg, Islamabad, Karachi, Tashkent rosimere.goncalves@example.com purpleladybug350 https://randomuser.me/api/portraits/women/0.jpg BR
Panas Hodiki 49 male 599-124-527 Central Time (US & Canada), Mexico City panas.hodiki@example.com lazytiger239 https://randomuser.me/api/portraits/men/31.jpg UA
Mary Shelton 47 female 431-324-719 Kabul mary.shelton@example.com greenladybug337 https://randomuser.me/api/portraits/women/58.jpg IE
Georgia Schorr 70 female 860-059-576 Kaliningrad, South Africa georgia.schorr@example.com orangerabbit588 https://randomuser.me/api/portraits/women/81.jpg DE
Hilla Lampi 34 female 609-251-692 Newfoundland hilla.lampi@example.com angrykoala563 https://randomuser.me/api/portraits/women/30.jpg FI
Thomas Petit 78 male 536-659-600 Bangkok, Hanoi, Jakarta thomas.petit@example.com bigleopard797 https://randomuser.me/api/portraits/men/28.jpg FR
Norma Ureña 44 female 673-752-133 Kabul norma.urena@example.com crazyelephant872 https://randomuser.me/api/portraits/women/57.jpg MX
Ricky Fuller 71 male 636-746-290 Alaska ricky.fuller@example.com blueduck172 https://randomuser.me/api/portraits/men/11.jpg US
Hjalmar Van Meijeren 29 male 721-161-933 Atlantic Time (Canada), Caracas, La Paz hjalmar.vanmeijeren@example.com sadsnake214 https://randomuser.me/api/portraits/men/20.jpg NL
Ava Clarke 25 female 771-863-308 Atlantic Time (Canada), Caracas, La Paz ava.clarke@example.com organicswan115 https://randomuser.me/api/portraits/women/13.jpg IE
Elseline Kuiters 72 female 686-168-769 Bombay, Calcutta, Madras, New Delhi elseline.kuiters@example.com crazytiger362 https://randomuser.me/api/portraits/women/35.jpg NL
Allen Perry 74 male 105-820-527 Eniwetok, Kwajalein allen.perry@example.com redsnake313 https://randomuser.me/api/portraits/men/43.jpg AU
Fernando Vidal 30 male 954-360-438 Eniwetok, Kwajalein fernando.vidal@example.com tinyostrich125 https://randomuser.me/api/portraits/men/10.jpg ES
Danile Alves 39 female 588-560-945 Almaty, Dhaka, Colombo danile.alves@example.com brownsnake502 https://randomuser.me/api/portraits/women/29.jpg BR
Rick Soto 23 male 603-598-544 Brazil, Buenos Aires, Georgetown rick.soto@example.com orangekoala471 https://randomuser.me/api/portraits/men/63.jpg AU
Thibault Schmitt 71 male 299-390-799 Baghdad, Riyadh, Moscow, St. Petersburg thibault.schmitt@example.com redpanda513 https://randomuser.me/api/portraits/men/39.jpg FR
Melike Çetin 79 female 275-660-008 Mountain Time (US & Canada) melike.cetin@example.com brownmouse223 https://randomuser.me/api/portraits/women/57.jpg TR